configuration,compiler,optimization_flags,noinline_variant,text_bytes,debug_section_bytes,main_object_instruction_count,main_object_branches,main_object_conditional_branches,main_object_machine_basic_blocks_including_padding,main_object_text_sha256,executable_text_sha256,main_o_bytes,executable_bytes,main_object_scale_symbol,test_count,passed,failed,diagnostics_preserve_main_object_text,main_object_text_field_scope,diagnostics_preserve_all_executable_sections,simd_register_instruction_count,gcc_observed_vectorization
clang_A_O2,clang-14,-O2,False,868,0,154,18,12,26,0eaaf6cfca895fb88b5b278a12e77b87713271cef9af68c9b0f79728e6f3ca73,52930e2adcc12fa27d9fb091972b584d7c143fed235d8eeb0f0568b819f90133,3624,16120,False,10,10,0,True,Only ELF .text; GCC main is in .text.startup. See all_code_sections for full code.,True,49,
clang_B_no_vector,clang-14,-O2 -fno-vectorize -fno-slp-vectorize,False,596,0,105,14,10,22,fa4dda44ac9660b7f933fc7d4092a6045bdff6b0981cfb736b64cfa6d69cd0f7,00cff672749b872d29a008d1ebed2950c5cc1b4ed8a8411ac927ca2d93b192d2,2072,16120,False,10,10,0,True,Only ELF .text; GCC main is in .text.startup. See all_code_sections for full code.,True,0,
clang_C_no_unroll,clang-14,-O2 -fno-unroll-loops,False,836,0,150,14,12,22,5c28791efd290cb12eb7bbdd01da804425b24785a64ae2aece30417544fedd3c,4abc343b7651d8233940e979ca5409ed42c184830b843cb107e3a33d1666d667,2984,16120,False,10,10,0,True,Only ELF .text; GCC main is in .text.startup. See all_code_sections for full code.,True,48,
clang_D_no_vector_no_unroll,clang-14,-O2 -fno-vectorize -fno-slp-vectorize -fno-unroll-loops,False,500,0,76,8,6,14,80e1e700099f6d30ad26130ccedaaf35e5673349f8bf8e1661e7328a7cfd254b,463f0f99e75669e828e37389f8171945a40a9105984c776d06c4ef0a8e6abc13,1984,16120,False,10,10,0,True,Only ELF .text; GCC main is in .text.startup. See all_code_sections for full code.,True,0,
gcc_A_O2,gcc,-O2,False,520,0,66,7,5,14,2419b6d79df6e598a512692ee5d79bca5f439f6cfa85b80d6accbf1857a33da5,b8e7a7f14d4434715b37db60119f6ff3f29a42754316553aa27dd41052861739,2544,16216,False,10,10,0,True,Only ELF .text; GCC main is in .text.startup. See all_code_sections for full code.,True,0,False
gcc_B_O2_vector,gcc,-O2 -ftree-loop-vectorize -ftree-slp-vectorize,False,520,0,66,7,5,14,2419b6d79df6e598a512692ee5d79bca5f439f6cfa85b80d6accbf1857a33da5,b8e7a7f14d4434715b37db60119f6ff3f29a42754316553aa27dd41052861739,2544,16216,False,10,10,0,True,Only ELF .text; GCC main is in .text.startup. See all_code_sections for full code.,True,0,False
gcc_C_O3,gcc,-O3,False,552,0,79,9,7,17,2419b6d79df6e598a512692ee5d79bca5f439f6cfa85b80d6accbf1857a33da5,a16e9026251a9175f10c767bd6154935f288d8ff69513cc8f59b0f0ebcbdd81e,2560,16216,False,10,10,0,True,Only ELF .text; GCC main is in .text.startup. See all_code_sections for full code.,True,0,False
gcc_D_O3_no_vector,gcc,-O3 -fno-tree-loop-vectorize -fno-tree-slp-vectorize,False,552,0,79,9,7,17,2419b6d79df6e598a512692ee5d79bca5f439f6cfa85b80d6accbf1857a33da5,a16e9026251a9175f10c767bd6154935f288d8ff69513cc8f59b0f0ebcbdd81e,2560,16216,False,10,10,0,True,Only ELF .text; GCC main is in .text.startup. See all_code_sections for full code.,True,0,False
clang_noinline_O2,clang-14,-O2,True,532,0,91,9,6,18,6686c575c474f8c970401c3fdb89a8188f5ed30c7274b354cb4797d2f5092bb0,e2e441ee7d87e642863a6e77a42af9376fd4505b30922229af7f2871bfcc2d32,2152,16168,True,10,10,0,True,Only ELF .text; GCC main is in .text.startup. See all_code_sections for full code.,True,0,
